[
  {
    "Item": "Concealer",
    "Color": "Beige",
    "img": "https://www.toofaced.com/media/export/cms/products/1000x1000/2f_sku_156930_1000x1000_0.jpg",
    "Face zone": "T-zone",
    "Description": "This project is good for evening out complexion"

  },
  {
    "Item": "Powder",
    "Color": "Transparent",
    "img": "https://i.ebayimg.com/images/g/4NcAAOSwIhFiaqPB/s-l500.jpg",
    "Face zone": "All face",
    "Description": "This project is good for mattifying the face"

  },
  {
    "Item": "Mascara",
    "Color": "Black",
    "img": "https://encrypted-tbn0.gstatic.com/images?q=tbn:ANd9GcRB1hsmTY0cIPYpFuxPlcqa18ZmD16nqHqCdA&s",
    "Face zone": "Lashes",
    "Description": "This project is good for adding length and volume to eyelashes"

  },
  {
    "Item": "Eye pencil",
    "Color": "Black",
    "img": "https://encrypted-tbn0.gstatic.com/images?q=tbn:ANd9GcSHThHTsC38U_2M8Cso1oYmWdw35YqyqXJCHQ&s",
    "Face zone": "Water line",
    "Description": "This project is good for drawing the waterline of the eye"

  },
  {
    "Item": "Lip liner",
    "Color": "Pink",
    "img": "https://encrypted-tbn0.gstatic.com/images?q=tbn:ANd9GcRjeXwbVQaBbPfjoKc_tNHttrhCT2vxlmMsUw&s",
    "Face zone": "Lip contour",
    "Description": "This project is good for drawing a clear lip shape"

  },
  {
    "Item": "Lipstick",
    "Color": "Pink",
    "img": "https://encrypted-tbn0.gstatic.com/images?q=tbn:ANd9GcRA1EbbTRhPqjx7EGbK8DN1UaPyxk3qnrwfzA&s",
    "Face zone": "Lips",
    "Description": "This project is good for adding color to lips"

  },
  {
    "Item": "Brow gel",
    "Color": "Clear",
    "img": "https://encrypted-tbn0.gstatic.com/images?q=tbn:ANd9GcSleepriFbGiW0KG9yQYpcaGfyjjT92KTuYEw&s",
    "Face zone": "Brows",
    "Description": "This project is good for fixing brows"

  }
]